n_threads,time
1,22.867594
2,12.745828
3,9.558453
4,7.826370
5,6.798208
6,6.348532
7,6.309201
8,6.251305
9,6.411711
